Date,Length of Day
10/04/2020,688
10/05/2020,684
10/06/2020,681
10/07/2020,678
10/08/2020,674
10/09/2020,671
10/10/2020,667
10/11/2020,664
10/12/2020,660
10/13/2020,657
10/14/2020,653
10/15/2020,650
10/16/2020,646
10/17/2020,644
10/18/2020,641
10/19/2020,637
10/20/2020,634
10/21/2020,630
10/22/2020,627
10/23/2020,624
10/24/2020,621
10/25/2020,617
10/26/2020,614
10/27/2020,611
10/28/2020,608
10/29/2020,605
10/30/2020,602
10/31/2020,598
11/01/2020,595
11/02/2020,592
11/03/2020,589
11/04/2020,586
11/05/2020,583
11/06/2020,580
11/07/2020,577
11/08/2020,575
11/09/2020,571
11/10/2020,569
11/11/2020,566
11/12/2020,564
11/13/2020,560
11/14/2020,558
11/15/2020,555
11/16/2020,553
11/17/2020,550
11/18/2020,548
11/19/2020,545
11/20/2020,543
11/21/2020,540
11/22/2020,538
11/23/2020,536
11/24/2020,534
11/25/2020,532
11/26/2020,529
11/27/2020,528
11/28/2020,526
11/29/2020,524
11/30/2020,522
12/01/2020,520
12/02/2020,519
12/03/2020,518
12/04/2020,516
12/05/2020,514
12/06/2020,513
12/07/2020,512
12/08/2020,510
12/09/2020,509
12/10/2020,508
12/11/2020,507
12/12/2020,506
12/13/2020,507
